よおこそ,,,4000,名詞,一般,*,*,*,*,よおこそ,よおこそ,よおこそ
亜阿相界,,,4000,名詞,固有名詞,一般,*,*,*,亜阿相界,アアソウカイ,アアソウカイ
紅,,,4000,名詞,固有名詞,一般,*,*,*,紅,アカ,アカ
紅色,,,4000,名詞,固有名詞,一般,*,*,*,紅色,アカイロ,アカイロ
アミュレット,,,4000,名詞,固有名詞,一般,*,*,*,アミュレット,アミュレット,アミュレット
ヴワル,,,4000,名詞,固有名詞,一般,*,*,*,ヴワル,ゔワル,ゔワル
恋娘,,,4000,名詞,固有名詞,一般,*,*,*,恋娘,コイムスメ,コイムスメ
紅魔,,,4000,名詞,固有名詞,一般,*,*,*,紅魔,コウマ,コウマ
紅楼,,,4000,名詞,固有名詞,一般,*,*,*,紅楼,コウロウ,コウロウ
五行相剋,,,4000,名詞,サ変接続,*,*,*,*,五行相剋,ゴギョウソウコク,ゴギョウソウコク
五行相生,,,4000,名詞,サ変接続,*,*,*,*,五行相生,ゴギョウソウセイ,ゴギョウソウセイ
相剋,,,4000,名詞,サ変接続,*,*,*,*,相剋,ソウコク,ソウコク
相生,,,4000,名詞,サ変接続,*,*,*,*,相生,ソウセイ,ソウセイ
颱風,,,4000,名詞,固有名詞,一般,*,*,*,颱風,タイフーン,タイフーン
ツェペシュ,,,4000,名詞,固有名詞,人名,一般,*,*,ツェペシュ,ツェペシュ,ツェペシュ
デーモンロード,,,4000,名詞,固有名詞,一般,*,*,*,デーモンロード,デーモンロード,デーモンロード
トリウム崩壊系列,,,4000,名詞,固有名詞,一般,*,*,*,トリウム崩壊系列,トリウムホウカイケイレツ,トリウムホウカイケイレツ
氷精,,,4000,名詞,固有名詞,一般,*,*,*,氷精,ヒョウセイ,ヒョウセイ
宵闇,,,4000,名詞,固有名詞,一般,*,*,*,宵闇,ヨイヤミ,ヨイヤミ
妖魔,,,4000,名詞,固有名詞,一般,*,*,*,妖魔,ヨウマ,ヨウマ
ルドビレ,,,4000,名詞,固有名詞,一般,*,*,*,ルドビレ,ルドビレ,ルドビレ
恋々音樂館,,,4000,名詞,固有名詞,一般,*,*,*,恋々音樂館,レンレンオンガクカン,レンレンオンガクカン
彼の世,,,4000,名詞,固有名詞,一般,*,*,*,彼の世,アノヨ,アノヨ
飯綱,,,4000,名詞,固有名詞,一般,*,*,*,飯綱,イイヅナ,イイヅナ
飯綱,,,4000,名詞,固有名詞,一般,*,*,*,飯綱,イヅナ,イヅナ
厭離穢土,,,4000,名詞,固有名詞,一般,*,*,*,厭離穢土,エンリエド,エンリエド
桜花,,,4000,名詞,固有名詞,一般,*,*,*,桜花,オウカ,オウカ
桜花結界,,,4000,名詞,固有名詞,一般,*,*,*,桜花結界,オウカケッカイ,オウカケッカイ
厭離穢土,,,4000,名詞,固有名詞,一般,*,*,*,厭離穢土,オンリエド,オンリエド
彼の世,,,4000,名詞,固有名詞,一般,*,*,*,彼の世,カノヨ,カノヨ
境界,,,4000,名詞,固有名詞,一般,*,*,*,境界,キョウガイ,キョウガイ
凶兆,,,4000,名詞,固有名詞,一般,*,*,*,凶兆,キョウチョウ,キョウチョウ
グァルネリ,,,4000,名詞,固有名詞,人名,姓,*,*,グァルネリ,グァルネリ,グァルネリ
クリフォード,,,4000,名詞,固有名詞,人名,姓,*,*,クリフォード,クリフォード,クリフォード
顕界,,,4000,名詞,固有名詞,一般,*,*,*,顕界,ケンカイ,ケンカイ
顕界,,,4000,名詞,固有名詞,一般,*,*,*,顕界,ゲンカイ,ゲンカイ
幻想郷風土記,,,4000,名詞,固有名詞,一般,*,*,*,幻想郷風土記,ゲンソウキョウフドキ,ゲンソウキョウフドキ
五衰,,,4000,名詞,固有名詞,一般,*,*,*,五衰,ゴスイ,ゴスイ
胡蝶,,,4000,名詞,固有名詞,一般,*,*,*,胡蝶,コチョウ,コチョウ
狐狗狸,,,4000,名詞,固有名詞,一般,*,*,*,狐狗狸,コックリ,コックリ
護法天童,,,4000,名詞,固有名詞,一般,*,*,*,護法天童,ゴホウテンドウ,ゴホウテンドウ
欣求浄土,,,4000,名詞,固有名詞,一般,*,*,*,欣求浄土,ゴングジョウド,ゴングジョウド
西行妖,,,4000,名詞,固有名詞,一般,*,*,*,西行妖,サイギョウアヤカシ,サイギョウアヤカシ
西行妖,,,4000,名詞,固有名詞,一般,*,*,*,西行妖,サイギョウヨウ,サイギョウヨウ
桜点,,,4000,名詞,固有名詞,一般,*,*,*,桜点,サクラテン,サクラテン
死蝶,,,4000,名詞,固有名詞,一般,*,*,*,死蝶,シチョウ,シチョウ
呪,,,4000,名詞,固有名詞,一般,*,*,*,呪,シュ,シュ
宿罪,,,4000,名詞,固有名詞,一般,*,*,*,宿罪,シュクザイ,シュクザイ
春度,,,4000,名詞,固有名詞,一般,*,*,*,春度,シュンド,シュンド
生者必滅,,,4000,名詞,固有名詞,一般,*,*,*,生者必滅,ショウジャヒツメツ,ショウジャヒツメツ
死霊,,,4000,名詞,固有名詞,一般,*,*,*,死霊,シリョウ,シリョウ
森羅結界,,,4000,名詞,固有名詞,一般,*,*,*,森羅結界,シンラケッカイ,シンラケッカイ
ストラディヴァリウス,,,4000,名詞,固有名詞,一般,*,*,*,ストラディヴァリウス,ストラディヴァリウス,ストラディヴァリウス
墨染,,,4000,名詞,固有名詞,一般,*,*,*,墨染,スミゾメ,スミゾメ
清明,,,4000,名詞,固有名詞,一般,*,*,*,清明,セイメイ,セイメイ
清明,,,4000,名詞,固有名詞,一般,*,*,*,清明,セーマン,セーマン
騒霊,,,4000,名詞,固有名詞,一般,*,*,*,騒霊,ソウレイ,ソウレイ
騒霊三姉妹,,,4000,名詞,固有名詞,一般,*,*,*,騒霊三姉妹,ソウレイサンシマイ,ソウレイサンシマイ
荼吉尼天,,,4000,名詞,固有名詞,一般,*,*,*,荼吉尼天,ダキニテン,ダキニテン
タネ無し手品,,,4000,名詞,固有名詞,一般,*,*,*,タネ無し手品,タネナシテジナ,タネナシテジナ
西蔵,,,4000,名詞,固有名詞,地域,一般,*,*,西蔵,チベット,チベット
凋叶棕,,,4000,名詞,固有名詞,一般,*,*,*,凋叶棕,ティアオイエツォン,ティアオイエツォン
天狐,,,4000,名詞,固有名詞,一般,*,*,*,天狐,テンコ,テンコ
人界,,,4000,名詞,固有名詞,一般,*,*,*,人界,ニンガイ,ニンガイ
白楼剣,,,4000,名詞,固有名詞,一般,*,*,*,白楼剣,ハクロウケン,ハクロウケン
針巫女,,,4000,名詞,固有名詞,一般,*,*,*,針巫女,ハリミコ,ハリミコ
春度,,,4000,名詞,固有名詞,一般,*,*,*,春度,ハルド,ハルド
反魂,,,4000,名詞,固有名詞,一般,*,*,*,反魂,ハンゴン,ハンゴン
半人半霊,,,4000,名詞,固有名詞,一般,*,*,*,半人半霊,ハンニンハンリョウ,ハンニンハンリョウ
半人半霊,,,4000,名詞,固有名詞,一般,*,*,*,半人半霊,ハンニンハンレイ,ハンニンハンレイ
半霊,,,4000,名詞,固有名詞,一般,*,*,*,半霊,ハンリョウ,ハンリョウ
半霊,,,4000,名詞,固有名詞,一般,*,*,*,半霊,ハンレイ,ハンレイ
広有,,,4000,名詞,固有名詞,人名,名,*,*,広有,ヒロアリ,ヒロアリ
ファツィオーリ,,,4000,名詞,固有名詞,人名,姓,*,*,ファツィオーリ,ファツィオーリ,ファツィオーリ
富士見,,,4000,名詞,固有名詞,一般,*,*,*,富士見,フジミ,フジミ
ベーゼンドルファー,,,4000,名詞,固有名詞,人名,姓,*,*,ベーゼンドルファー,ベーゼンドルファー,ベーゼンドルファー
迷い家,,,4000,名詞,固有名詞,一般,*,*,*,迷い家,マヨイガ,マヨイガ
ミサマリ,,,4000,名詞,固有名詞,一般,*,*,*,ミサマリ,ミサマリ,ミサマリ
無何有,,,4000,名詞,固有名詞,一般,*,*,*,無何有,ムカウ,ムカウ
無間地獄,,,4000,名詞,固有名詞,一般,*,*,*,無間地獄,ムケンジゴク,ムケンジゴク
無量劫,,,4000,名詞,固有名詞,一般,*,*,*,無量劫,ムリョウゴウ,ムリョウゴウ
夜摩天,,,4000,名詞,固有名詞,一般,*,*,*,夜摩天,ヤマテン,ヤマテン
由旬,,,4000,名詞,固有名詞,一般,*,*,*,由旬,ユジュン,ユジュン
妖蝶,,,4000,名詞,固有名詞,一般,*,*,*,妖蝶,ヨウチョウ,ヨウチョウ
妖々音樂室,,,4000,名詞,固有名詞,一般,*,*,*,妖々音樂室,ヨウヨウオンガクシツ,ヨウヨウオンガクシツ
レザマリ,,,4000,名詞,固有名詞,一般,*,*,*,レザマリ,レザマリ,レザマリ
楼観剣,,,4000,名詞,固有名詞,一般,*,*,*,楼観剣,ロウカンケン,ロウカンケン
生き肝,,,4000,名詞,固有名詞,一般,*,*,*,生き肝,イキギモ,イキギモ
いはかさ,,,4000,名詞,固有名詞,一般,*,*,*,いはかさ,イハカサ,イハカサ
永夜,,,4000,名詞,固有名詞,一般,*,*,*,永夜,エイヤ,エイヤ
逢魔が時,,,4000,名詞,固有名詞,一般,*,*,*,逢魔が時,オウマガトキ,オウマガトキ
八意思兼神,,,4000,名詞,固有名詞,一般,*,*,*,八意思兼神,オモイカネ,オモイカネ
思兼神,,,4000,名詞,固有名詞,一般,*,*,*,思兼神,オモイカネ,オモイカネ
槭樹,,,4000,名詞,固有名詞,一般,*,*,*,槭樹,カエデ,カエデ
華胥,,,4000,名詞,固有名詞,一般,*,*,*,華胥,カショ,カショ
禁呪,,,4000,名詞,固有名詞,一般,*,*,*,禁呪,キンジュ,キンジュ
グランギニョル,,,4000,名詞,固有名詞,一般,*,*,*,グランギニョル,グランギニョル,グランギニョル
月人,,,4000,名詞,固有名詞,一般,*,*,*,月人,ゲツジン,ゲツジン
恋色,,,4000,名詞,固有名詞,一般,*,*,*,恋色,コイイロ,コイイロ
刻符,,,4000,名詞,固有名詞,一般,*,*,*,刻符,コクフ,コクフ
木花之佐久夜毘売,,,4000,名詞,固有名詞,一般,*,*,*,木花之佐久夜毘売,コノハナノサクヤビメ,コノハナノサクヤビメ
三種の神器,,,4000,名詞,固有名詞,一般,*,*,*,三種の神器,サンシュノジンギ,サンシュノジンギ
須臾,,,4000,名詞,固有名詞,一般,*,*,*,須臾,シュユ,シュユ
徐福,,,4000,名詞,固有名詞,人名,一般,*,*,徐福,ジョフク,ジョフク
人妖点,,,4000,名詞,固有名詞,一般,*,*,*,人妖点,ジンヨウテン,ジンヨウテン
天蛾,,,4000,名詞,固有名詞,一般,*,*,*,天蛾,スズメガ,スズメガ
地上の密室,,,4000,名詞,固有名詞,一般,*,*,*,地上の密室,チジョウノミッシツ,チジョウノミッシツ
蟄居,,,4000,名詞,固有名詞,一般,*,*,*,蟄居,チッキョ,チッキョ
使い魔,,,4000,名詞,固有名詞,一般,*,*,*,使い魔,ツカイマ,ツカイマ
月のいはかさ,,,4000,名詞,固有名詞,人名,一般,*,*,月のいはかさ,ツキノイハカサ,ツキノイハカサ
調岩笠,,,4000,名詞,固有名詞,人名,一般,*,*,調岩笠,ツキノイハカサ,ツキノイハカサ
ディゾルブスペル,,,4000,名詞,固有名詞,一般,*,*,*,ディゾルブスペル,ディゾルブスペル,ディゾルブスペル
天人,,,4000,名詞,固有名詞,一般,*,*,*,天人,テンニン,テンニン
魄,,,4000,名詞,固有名詞,一般,*,*,*,魄,ハク,ハク
白沢,,,4000,名詞,固有名詞,一般,*,*,*,白沢,ハクタク,ハクタク
半獣,,,4000,名詞,固有名詞,一般,*,*,*,半獣,ハンジュウ,ハンジュウ
藤原不比等,,,4000,名詞,固有名詞,人名,一般,*,*,藤原不比等,フジワラノフヒト,フジワラノフヒト
不比等,,,4000,名詞,固有名詞,人名,名,*,*,不比等,フヒト,フヒト
蓬莱,,,4000,名詞,固有名詞,一般,*,*,*,蓬莱,ホウライ,ホウライ
蓬莱人,,,4000,名詞,固有名詞,一般,*,*,*,蓬莱人,ホウライジン,ホウライジン
蓬莱の玉の枝,,,4000,名詞,固有名詞,一般,*,*,*,蓬莱の玉の枝,ホウライノタマノエ,ホウライノタマノエ
蓬莱の玉の枝,,,4000,名詞,固有名詞,一般,*,*,*,蓬莱の玉の枝,ホウライノタマノエダ,ホウライノタマノエダ
蓬莱人,,,4000,名詞,固有名詞,一般,*,*,*,蓬莱人,ホウライヒト,ホウライヒト
蓬莱人,,,4000,名詞,固有名詞,一般,*,*,*,蓬莱人,ホウライビト,ホウライビト
蛍火,,,4000,名詞,固有名詞,一般,*,*,*,蛍火,ホタルビ,ホタルビ
マスパ,,,4000,名詞,固有名詞,一般,*,*,*,マスパ,マスパ,マスパ
マリス砲,,,4000,名詞,固有名詞,一般,*,*,*,マリス砲,マリスホウ,マリスホウ
木菟,,,4000,名詞,固有名詞,一般,*,*,*,木菟,ミミズク,ミミズク
夜雀,,,4000,名詞,固有名詞,一般,*,*,*,夜雀,ヤスズメ,ヤスズメ
幽玄,,,4000,名詞,固有名詞,一般,*,*,*,幽玄,ユウゲン,ユウゲン
妖率,,,4000,名詞,固有名詞,一般,*,*,*,妖率,ヨウリツ,ヨウリツ
夜雀,,,4000,名詞,固有名詞,一般,*,*,*,夜雀,ヨスズメ,ヨスズメ
夜一夜樂団,,,4000,名詞,固有名詞,一般,*,*,*,夜一夜樂団,ヨヒトヨガクダン,ヨヒトヨガクダン
ラストスペル,,,4000,名詞,固有名詞,一般,*,*,*,ラストスペル,ラストスペル,ラストスペル
リザレクション,,,4000,名詞,固有名詞,一般,*,*,*,リザレクション,リザレクション,リザレクション
ワーハクタク,,,4000,名詞,固有名詞,一般,*,*,*,ワーハクタク,ワーハクタク,ワーハクタク
鬼退治,,,4000,名詞,固有名詞,一般,*,*,*,鬼退治,オニタイジ,オニタイジ
火炉,,,4000,名詞,固有名詞,一般,*,*,*,火炉,カロ,カロ
瘴雨,,,4000,名詞,固有名詞,一般,*,*,*,瘴雨,ショウウ,ショウウ
萃,,,4000,名詞,固有名詞,一般,*,*,*,萃,スイ,スイ
猫イラズ,,,4000,名詞,固有名詞,一般,*,*,*,猫イラズ,ネコイラズ,ネコイラズ
人攫い,,,4000,名詞,固有名詞,一般,*,*,*,人攫い,ヒトサライ,ヒトサライ
百鬼夜行,,,4000,名詞,固有名詞,一般,*,*,*,百鬼夜行,ヒャッキヤコウ,ヒャッキヤコウ
開花宣言,,,4000,名詞,固有名詞,一般,*,*,*,開花宣言,カイカセンゲン,カイカセンゲン
季候音楽室,,,4000,名詞,固有名詞,一般,*,*,*,季候音楽室,キコウオンガクシツ,キコウオンガクシツ
吸霊,,,4000,名詞,固有名詞,一般,*,*,*,吸霊,キュウレイ,キュウレイ
小径,,,4000,名詞,固有名詞,一般,*,*,*,小径,コミチ,コミチ
コンパロ,,,4000,名詞,固有名詞,一般,*,*,*,コンパロ,コンパロ,コンパロ
ゴンベッサ,,,4000,名詞,固有名詞,一般,*,*,*,ゴンベッサ,ゴンベッサ,ゴンベッサ
ザナドゥ,,,4000,名詞,固有名詞,一般,*,*,*,ザナドゥ,ザナドゥ,ザナドゥ
三精,,,4000,名詞,固有名詞,一般,*,*,*,三精,サンセイ,サンセイ
此岸,,,4000,名詞,固有名詞,一般,*,*,*,此岸,シガン,シガン
素い幡,,,4000,名詞,固有名詞,一般,*,*,*,素い幡,シロイハタ,シロイハタ
スーさん,,,4000,名詞,固有名詞,一般,*,*,*,スーさん,スーサン,スーサン
善行,,,4000,名詞,サ変接続,*,*,*,*,善行,ゼンコウ,ゼンコウ
泰斗,,,4000,名詞,固有名詞,一般,*,*,*,泰斗,タイト,タイト
弾幕開花宣言,,,4000,名詞,固有名詞,一般,*,*,*,弾幕開花宣言,ダンマクカイカセンゲン,ダンマクカイカセンゲン
デバガメ,,,4000,名詞,固有名詞,一般,*,*,*,デバガメ,デバガメ,デバガメ
纏縛,,,4000,名詞,固有名詞,一般,*,*,*,纏縛,テンバク,テンバク
花の異変,,,4000,名詞,固有名詞,一般,*,*,*,花の異変,ハナノイヘン,ハナノイヘン
ブン屋,,,4000,名詞,固有名詞,一般,*,*,*,ブン屋,ブンヤ,ブンヤ
曼珠沙華,,,4000,名詞,固有名詞,一般,*,*,*,曼珠沙華,マンジュシャゲ,マンジュシャゲ
叢雲,,,4000,名詞,固有名詞,一般,*,*,*,叢雲,ムラクモ,ムラクモ
リリーブラック,,,4000,名詞,固有名詞,一般,*,*,*,リリーブラック,リリーブラック,リリーブラック
弄月,,,4000,名詞,固有名詞,一般,*,*,*,弄月,ロウゲツ,ロウゲツ
天照大御神,,,4000,名詞,固有名詞,一般,*,*,*,天照大御神,アマテラス,アマテラス
天照大御神,,,4000,名詞,固有名詞,一般,*,*,*,天照大御神,アマテラスオオミカミ,アマテラスオオミカミ
イルメナイト,,,4000,名詞,固有名詞,一般,*,*,*,イルメナイト,イルメナイト,イルメナイト
エイジャ,,,4000,名詞,固有名詞,一般,*,*,*,エイジャ,エイジャ,エイジャ
役小角,,,4000,名詞,固有名詞,人名,一般,*,*,役小角,エンノオヅヌ,エンノオヅヌ
役小角,,,4000,名詞,固有名詞,人名,一般,*,*,役小角,エンノオヅノ,エンノオヅノ
大穴牟遅,,,4000,名詞,固有名詞,一般,*,*,*,大穴牟遅,オオナムチ,オオナムチ
サンジェルマン,,,4000,名詞,固有名詞,一般,*,*,*,サンジェルマン,サンジェルマン,サンジェルマン
寂静,,,4000,名詞,固有名詞,一般,*,*,*,寂静,ジャクジョウ,ジャクジョウ
衆生,,,4000,名詞,固有名詞,一般,*,*,*,衆生,シュジョウ,シュジョウ
浄頗梨,,,4000,名詞,固有名詞,一般,*,*,*,浄頗梨,ジョウハリ,ジョウハリ
瑞亀,,,4000,名詞,固有名詞,一般,*,*,*,瑞亀,ズイキ,ズイキ
赤石,,,4000,名詞,固有名詞,一般,*,*,*,赤石,セキセキ,セキセキ
中有,,,4000,名詞,固有名詞,一般,*,*,*,中有,チュウウ,チュウウ
超精密移動,,,4000,名詞,固有名詞,一般,*,*,*,超精密移動,チョウセイミツイドウ,チョウセイミツイドウ
トンネル効果,,,4000,名詞,固有名詞,一般,*,*,*,トンネル効果,トンネルコウカ,トンネルコウカ
飛花,,,4000,名詞,固有名詞,一般,*,*,*,飛花,ヒカ,ヒカ
風狂,,,4000,名詞,形容動詞語幹,*,*,*,*,風狂,フウキョウ,フウキョウ
文久の調べ ～Music Room,,,4000,名詞,固有名詞,一般,*,*,*,文久の調べ ～Music Room,ブンキュウノシラベ,ブンキュウノシラベ
瑞江浦嶋子,,,4000,名詞,固有名詞,一般,*,*,*,瑞江浦嶋子,ミズノエノウラシマコ,ミズノエノウラシマコ
瑞江浦嶋子,,,4000,名詞,固有名詞,一般,*,*,*,瑞江浦嶋子,ミズノエノウラノシマコ,ミズノエノウラノシマコ
瑞江浦嶋子,,,4000,名詞,固有名詞,一般,*,*,*,瑞江浦嶋子,ミズノエノウラノシマノコ,ミズノエノウラノシマノコ
厭い川,,,4000,名詞,固有名詞,一般,*,*,*,厭い川,イトイカワ,イトイカワ
厭い川,,,4000,名詞,固有名詞,一般,*,*,*,厭い川,イトイガワ,イトイガワ
稲田姫,,,4000,名詞,固有名詞,一般,*,*,*,稲田姫,イナダヒメ,イナダヒメ
大鐘婆,,,4000,名詞,固有名詞,一般,*,*,*,大鐘婆,オオガネババ,オオガネババ
御神渡り,,,4000,名詞,固有名詞,一般,*,*,*,御神渡り,オミワタリ,オミワタリ
客星,,,4000,名詞,固有名詞,一般,*,*,*,客星,カクセイ,カクセイ
風祝,,,4000,名詞,固有名詞,一般,*,*,*,風祝,カゼハフリ,カゼハフリ
疵痕,,,4000,名詞,固有名詞,一般,*,*,*,疵痕,キズアト,キズアト
稲田姫,,,4000,名詞,固有名詞,一般,*,*,*,稲田姫,クシナダヒメ,クシナダヒメ
ケロちゃん,,,4000,名詞,固有名詞,一般,*,*,*,ケロちゃん,ケロチャン,ケロチャン
光学迷彩,,,4000,名詞,固有名詞,一般,*,*,*,光学迷彩,コウガクメイサイ,コウガクメイサイ
御神体,,,4000,名詞,固有名詞,一般,*,*,*,御神体,ゴシンタイ,ゴシンタイ
神徳,,,4000,名詞,固有名詞,一般,*,*,*,神徳,シントク,シントク
水眼,,,4000,名詞,固有名詞,一般,*,*,*,水眼,スイガ,スイガ
諏訪大社,,,4000,名詞,固有名詞,一般,*,*,*,諏訪大社,スワタイシャ,スワタイシャ
渡御,,,4000,名詞,固有名詞,一般,*,*,*,渡御,トギョ,トギョ
土着神,,,4000,名詞,固有名詞,一般,*,*,*,土着神,ドチャクシン,ドチャクシン
祝,,,4000,名詞,固有名詞,一般,*,*,*,祝,ハフリ,ハフリ
ミシャグジ様,,,4000,名詞,固有名詞,一般,*,*,*,ミシャグジ様,ミシャグジサマ,ミシャグジサマ
守矢一家,,,4000,名詞,固有名詞,一般,*,*,*,守矢一家,モリヤイッカ,モリヤイッカ
守矢神社,,,4000,名詞,固有名詞,一般,*,*,*,守矢神社,モリヤジンジャ,モリヤジンジャ
厄神,,,4000,名詞,固有名詞,一般,*,*,*,厄神,ヤクガミ,ヤクガミ
厄神,,,4000,名詞,固有名詞,一般,*,*,*,厄神,ヤクジン,ヤクジン
八衢,,,4000,名詞,固有名詞,一般,*,*,*,八衢,ヤチマタ,ヤチマタ
可惜,,,4000,副詞,固有名詞,一般,*,*,*,可惜,アタラ,アタラ
可惜身命,,,4000,名詞,固有名詞,一般,*,*,*,可惜身命,アタラシンミョウ,アタラシンミョウ
大村守,,,4000,名詞,固有名詞,一般,*,*,*,大村守,オオムラノカミ,オオムラノカミ
極光,,,4000,名詞,固有名詞,一般,*,*,*,極光,オーロラ,オーロラ
回避結界,,,4000,名詞,固有名詞,一般,*,*,*,回避結界,カイヒケッカイ,カイヒケッカイ
要石,,,4000,名詞,固有名詞,一般,*,*,*,要石,カナメイシ,カナメイシ
奇び,,,4000,名詞,形容動詞語幹,*,*,*,*,奇び,クシビ,クシビ
宏観,,,4000,名詞,固有名詞,一般,*,*,*,宏観,コウカン,コウカン
宏観前兆,,,4000,名詞,固有名詞,一般,*,*,*,宏観前兆,コウカンゼンチョウ,コウカンゼンチョウ
坤儀,,,4000,名詞,固有名詞,一般,*,*,*,坤儀,コンギ,コンギ
小夜嵐,,,4000,名詞,固有名詞,一般,*,*,*,小夜嵐,サヨアラシ,サヨアラシ
猿田彦,,,4000,名詞,固有名詞,一般,*,*,*,猿田彦,サルタヒコ,サルタヒコ
式年遷宮,,,4000,名詞,固有名詞,一般,*,*,*,式年遷宮,シキネンセングウ,シキネンセングウ
総領娘,,,4000,名詞,固有名詞,一般,*,*,*,総領娘,ソウリョウムスメ,ソウリョウムスメ
立風露,,,4000,名詞,固有名詞,一般,*,*,*,立風露,タチフウロ,タチフウロ
地子,,,4000,名詞,固有名詞,人名,名,*,*,地子,チコ,チコ
天気玉,,,4000,名詞,固有名詞,一般,*,*,*,天気玉,テンキタマ,テンキタマ
天気玉,,,4000,名詞,固有名詞,一般,*,*,*,天気玉,テンキダマ,テンキダマ
名居,,,4000,名詞,固有名詞,人名,姓,*,*,名居,ナウィ,ナウィ
なゐ,,,4000,名詞,固有名詞,一般,*,*,*,なゐ,ナウィ,ナウィ
花曇,,,4000,名詞,固有名詞,一般,*,*,*,花曇,ハナグモリ,ハナグモリ
非想天,,,4000,名詞,固有名詞,一般,*,*,*,非想天,ヒソウテン,ヒソウテン
非想非非想天,,,4000,名詞,固有名詞,一般,*,*,*,非想非非想天,ヒソウヒヒソウテン,ヒソウヒヒソウテン
不惜身命,,,4000,名詞,固有名詞,一般,*,*,*,不惜身命,フシャクシンミョウ,フシャクシンミョウ
モケーレムベンベ,,,4000,名詞,固有名詞,一般,*,*,*,モケーレムベンベ,モケーレムベンベ,モケーレムベンベ
憑坐,,,4000,名詞,固有名詞,一般,*,*,*,憑坐,ヨリマシ,ヨリマシ
龍魚,,,4000,名詞,固有名詞,一般,*,*,*,龍魚,リュウギョ,リュウギョ
リュウグウノツカイ,,,4000,名詞,固有名詞,一般,*,*,*,リュウグウノツカイ,リュウグウノツカイ,リュウグウノツカイ
龍宮の使い,,,4000,名詞,固有名詞,一般,*,*,*,龍宮の使い,リュウグウノツカイ,リュウグウノツカイ
埋火,,,4000,名詞,固有名詞,一般,*,*,*,埋火,イケビ,イケビ
埋火,,,4000,名詞,固有名詞,一般,*,*,*,埋火,ウズミビ,ウズミビ
火焔猫,,,4000,名詞,固有名詞,一般,*,*,*,火焔猫,カエンネコ,カエンネコ
火車,,,4000,名詞,固有名詞,一般,*,*,*,火車,カシャ,カシャ
交信強度,,,4000,名詞,固有名詞,一般,*,*,*,交信強度,コウシンキョウド,コウシンキョウド
サブタレイニアン,,,4000,名詞,固有名詞,一般,*,*,*,サブタレイニアン,サブタレイニアン,サブタレイニアン
残機の欠片,,,4000,名詞,固有名詞,一般,*,*,*,残機の欠片,ザンキノカケラ,ザンキノカケラ
地獄鴉,,,4000,名詞,固有名詞,一般,*,*,*,地獄鴉,ジゴクカラス,ジゴクカラス
地獄鴉,,,4000,名詞,固有名詞,一般,*,*,*,地獄鴉,ジゴクガラス,ジゴクガラス
灼熱地獄,,,4000,名詞,固有名詞,一般,*,*,*,灼熱地獄,シャクネツジゴク,シャクネツジゴク
灼熱地獄跡,,,4000,名詞,固有名詞,一般,*,*,*,灼熱地獄跡,シャクネツジゴクアト,シャクネツジゴクアト
地霊,,,4000,名詞,固有名詞,一般,*,*,*,地霊,チレイ,チレイ
土蜘蛛,,,4000,名詞,固有名詞,一般,*,*,*,土蜘蛛,ツチクモ,ツチクモ
土蜘蛛,,,4000,名詞,固有名詞,一般,*,*,*,土蜘蛛,ツチグモ,ツチグモ
釣瓶落とし,,,4000,名詞,固有名詞,一般,*,*,*,釣瓶落とし,ツルベオトシ,ツルベオトシ
猫車,,,4000,名詞,固有名詞,一般,*,*,*,猫車,ネコグルマ,ネコグルマ
廃獄,,,4000,名詞,固有名詞,一般,*,*,*,廃獄,ハイゴク,ハイゴク
橋姫,,,4000,名詞,固有名詞,一般,*,*,*,橋姫,ハシヒメ,ハシヒメ
訪客,,,4000,名詞,固有名詞,一般,*,*,*,訪客,ホウカク,ホウカク
八咫烏,,,4000,名詞,固有名詞,一般,*,*,*,八咫烏,ヤタガラス,ヤタガラス
霊知,,,4000,名詞,固有名詞,一般,*,*,*,霊知,レイチ,レイチ
からかさお化け,,,4000,名詞,固有名詞,一般,*,*,*,からかさお化け,カラカサオバケ,カラカサオバケ
聖輦船,,,4000,名詞,固有名詞,一般,*,*,*,聖輦船,セイレンセン,セイレンセン
独鈷杵,,,4000,名詞,固有名詞,一般,*,*,*,独鈷杵,トッコショ,トッコショ
飛倉,,,4000,名詞,固有名詞,一般,*,*,*,飛倉,トビクラ,トビクラ
飛倉の破片,,,4000,名詞,固有名詞,一般,*,*,*,飛倉の破片,トビクラノハヘン,トビクラノハヘン
南無三,,,4000,名詞,固有名詞,一般,*,*,*,南無三,ナムサン,ナムサン
毘沙門天の宝塔,,,4000,名詞,固有名詞,一般,*,*,*,毘沙門天の宝塔,ビシャモンテンノホウトウ,ビシャモンテンノホウトウ
飛宝,,,4000,名詞,固有名詞,一般,*,*,*,飛宝,ヒホウ,ヒホウ
伏魔殿,,,4000,名詞,固有名詞,一般,*,*,*,伏魔殿,フクマデン,フクマデン
舟幽霊,,,4000,名詞,固有名詞,一般,*,*,*,舟幽霊,フナユウレイ,フナユウレイ
ベントラー,,,4000,名詞,固有名詞,一般,*,*,*,ベントラー,ベントラー,ベントラー
ベントラーアイテム,,,4000,名詞,固有名詞,一般,*,*,*,ベントラーアイテム,ベントラーアイテム,ベントラーアイテム
法術,,,4000,名詞,固有名詞,一般,*,*,*,法術,ホウジュツ,ホウジュツ
宝塔,,,4000,名詞,固有名詞,一般,*,*,*,宝塔,ホウトウ,ホウトウ
法力,,,4000,名詞,固有名詞,一般,*,*,*,法力,ホウリキ,ホウリキ
法力,,,4000,名詞,固有名詞,一般,*,*,*,法力,ホウリョク,ホウリョク
法界,,,4000,名詞,固有名詞,一般,*,*,*,法界,ホッカイ,ホッカイ
ボムの欠片,,,4000,名詞,固有名詞,一般,*,*,*,ボムの欠片,ボムノカケラ,ボムノカケラ
命蓮寺,,,4000,名詞,固有名詞,一般,*,*,*,命蓮寺,ミョウレンジ,ミョウレンジ
命蓮寺,,,4000,名詞,固有名詞,一般,*,*,*,命蓮寺,メイレンジ,メイレンジ
遊弋,,,4000,名詞,固有名詞,一般,*,*,*,遊弋,ユウヨク,ユウヨク
大ナマズ,,,4000,名詞,固有名詞,一般,*,*,*,大ナマズ,オオナマズ,オオナマズ
間欠泉地下センター,,,4000,名詞,固有名詞,一般,*,*,*,間欠泉地下センター,カンケツセンチカセンター,カンケツセンチカセンター
太歳星君,,,4000,名詞,固有名詞,一般,*,*,*,太歳星君,タイサイセイクン,タイサイセイクン
天則,,,4000,名詞,固有名詞,一般,*,*,*,天則,テンソク,テンソク
未来水妖バザー,,,4000,名詞,固有名詞,一般,*,*,*,未来水妖バザー,ミライスイヨウバザー,ミライスイヨウバザー
花果子念報,,,4000,名詞,固有名詞,一般,*,*,*,花果子念報,カカシネンポウ,カカシネンポウ
対抗新聞,,,4000,名詞,固有名詞,一般,*,*,*,対抗新聞,タイコウシンブン,タイコウシンブン
アイスバリア,,,4000,名詞,固有名詞,一般,*,*,*,アイスバリア,アイスバリア,アイスバリア
大祀廟,,,4000,名詞,固有名詞,一般,*,*,*,大祀廟,ダイシビョウ,ダイシビョウ
虚伝,,,4000,名詞,固有名詞,一般,*,*,*,虚伝,キョデン,キョデン
合格祈願,,,4000,名詞,固有名詞,一般,*,*,*,合格祈願,ゴウカクキガン,ゴウカクキガン
家内安全,,,4000,名詞,固有名詞,一般,*,*,*,家内安全,カナイアンゼン,カナイアンゼン
恋愛成就,,,4000,名詞,固有名詞,一般,*,*,*,恋愛成就,レンアイジョウジュ,レンアイジョウジュ
厄除開運,,,4000,名詞,固有名詞,一般,*,*,*,厄除開運,ヤクヨケカイウン,ヤクヨケカイウン
諸芸上達,,,4000,名詞,固有名詞,一般,*,*,*,諸芸上達,ショゲイジョウタツ,ショゲイジョウタツ
病気平癒,,,4000,名詞,固有名詞,一般,*,*,*,病気平癒,ビョウキヘイユ,ビョウキヘイユ
安産祈願,,,4000,名詞,固有名詞,一般,*,*,*,安産祈願,アンザンキガン,アンザンキガン
事業繁栄,,,4000,名詞,固有名詞,一般,*,*,*,事業繁栄,ジギョウハンエイ,ジギョウハンエイ
勝運向上,,,4000,名詞,固有名詞,一般,*,*,*,勝運向上,ショウウンコウジョウ,ショウウンコウジョウ
勝運向上,,,4000,名詞,固有名詞,一般,*,*,*,勝運向上,カチウンコウジョウ,カチウンコウジョウ
旅行安全,,,4000,名詞,固有名詞,一般,*,*,*,旅行安全,リョコウアンゼン,リョコウアンゼン
霊界トランス,,,4000,名詞,固有名詞,一般,*,*,*,霊界トランス,レイカイトランス,レイカイトランス
霊界ゲージ,,,4000,名詞,固有名詞,一般,*,*,*,霊界ゲージ,レイカイゲージ,レイカイゲージ
小神霊,,,4000,名詞,固有名詞,一般,*,*,*,小神霊,ショウシンレイ,ショウシンレイ
神霊,,,4000,名詞,固有名詞,一般,*,*,*,神霊,シンレイ,シンレイ
霊廟,,,4000,名詞,固有名詞,一般,*,*,*,霊廟,レイビョウ,レイビョウ
尸解仙,,,4000,名詞,固有名詞,一般,*,*,*,尸解仙,シカイセン,シカイセン
信仰チャート,,,4000,名詞,固有名詞,一般,*,*,*,信仰チャート,シンコウチャート,シンコウチャート
全自動礼拝堂,,,4000,名詞,固有名詞,一般,*,*,*,全自動礼拝堂,ゼンジドウレイハイドウ,ゼンジドウレイハイドウ
二次元ポケット,,,4000,名詞,固有名詞,一般,*,*,*,二次元ポケット,ニジゲンポケット,ニジゲンポケット
もしも賽銭BOX,,,4000,名詞,固有名詞,一般,*,*,*,もしも賽銭BOX,モシモサイセンボックス,モシモサイセンボックス
コピーパペット,,,4000,名詞,固有名詞,一般,*,*,*,コピーパペット,コピーパペット,コピーパペット
どこでも水鉄砲,,,4000,名詞,固有名詞,一般,*,*,*,どこでも水鉄砲,ドコデモミズデッポウ,ドコデモミズデッポウ
ブレイクタイムふろしき,,,4000,名詞,固有名詞,一般,*,*,*,ブレイクタイムふろしき,ブレイクタイムフロシキ,ブレイクタイムフロシキ
妖器,,,4000,名詞,固有名詞,一般,*,*,*,妖器,ヨウキ,ヨウキ
飛頭蛮,,,4000,名詞,固有名詞,一般,*,*,*,飛頭蛮,ヒトウバン,ヒトウバン
ルーガルー,,,4000,名詞,固有名詞,一般,*,*,*,ルーガルー,ルーガルー,ルーガルー
逆さ城,,,4000,名詞,固有名詞,一般,*,*,*,逆さ城,サカサシロ,サカサシロ
雨叢雲剣,,,4000,名詞,固有名詞,一般,*,*,*,雨叢雲剣,アメノムラクモノツルギ,アメノムラクモノツルギ
陽宝剣,,,4000,名詞,固有名詞,一般,*,*,*,陽宝剣,ヨウホウケン,ヨウホウケン
髭切,,,4000,名詞,固有名詞,一般,*,*,*,髭切,ヒゲキリ,ヒゲキリ
鬼丸国綱,,,4000,名詞,固有名詞,一般,*,*,*,鬼丸国綱,オニマルクニツナ,オニマルクニツナ
童子切安綱,,,4000,名詞,固有名詞,一般,*,*,*,童子切安綱,ドウジキリヤスツナ,ドウジキリヤスツナ
妖刀村正,,,4000,名詞,固有名詞,一般,*,*,*,妖刀村正,ヨウトウムラマサ,ヨウトウムラマサ
花狭間,,,4000,名詞,固有名詞,一般,*,*,*,花狭間,ハナザマ,ハナザマ
オカルトボール,,,4000,名詞,固有名詞,一般,*,*,*,オカルトボール,オカルトボール,オカルトボール
東深見高校,,,4000,名詞,固有名詞,一般,*,*,*,東深見高校,ヒガシフカミコウコウ,ヒガシフカミコウコウ
紺珠,,,4000,名詞,固有名詞,一般,*,*,*,紺珠,カンジュ,カンジュ
キュリオシティ,,,4000,名詞,固有名詞,一般,*,*,*,キュリオシティ,キュリオシティ,キュリオシティ
いきなり団子,,,4000,名詞,固有名詞,一般,*,*,*,いきなり団子,イキナリダンゴ,イキナリダンゴ
緑珠伝,,,4000,名詞,固有名詞,一般,*,*,*,緑珠伝,リョクシュデン,リョクシュデン
イーグルラヴィ,,,4000,名詞,固有名詞,一般,*,*,*,イーグルラヴィ,イーグルラウ゛ィ,イーグルラウ゛ィ
パンデモニック,,,4000,名詞,固有名詞,一般,*,*,*,パンデモニック,パンデモニック,パンデモニック
月人,,,4000,名詞,固有名詞,一般,*,*,*,月人,ツキビト,ツキビト
青霄,,,4000,名詞,固有名詞,一般,*,*,*,青霄,セイショウ,セイショウ
求聞持,,,4000,名詞,固有名詞,一般,*,*,*,求聞持,グモンジ,グモンジ
求聞持の能力,,,4000,名詞,固有名詞,一般,*,*,*,求聞持の能力,グモンジノノウリョク,グモンジノノウリョク
御阿礼,,,4000,名詞,固有名詞,一般,*,*,*,御阿礼,ミアレ,ミアレ
御阿礼の子,,,4000,名詞,固有名詞,一般,*,*,*,御阿礼の子,ミアレノコ,ミアレノコ
幺樂,,,4000,名詞,固有名詞,一般,*,*,*,幺樂,ヨウガク,ヨウガク
幺樂団,,,4000,名詞,固有名詞,一般,*,*,*,幺樂団,ヨウガクダン,ヨウガクダン
阿礼乙女,,,4000,名詞,固有名詞,一般,*,*,*,阿礼乙女,アレオトメ,アレオトメ
阿礼,,,4000,名詞,固有名詞,人名,名,*,*,阿礼,アレ,アレ
紅霧異変,,,4000,名詞,固有名詞,一般,*,*,*,紅霧異変,コウムイヘン,コウムイヘン
春雪異変,,,4000,名詞,固有名詞,一般,*,*,*,春雪異変,シュンセツイヘン,シュンセツイヘン
永夜異変,,,4000,名詞,固有名詞,一般,*,*,*,永夜異変,エイヤイヘン,エイヤイヘン
六十年周期の大結界異変,,,4000,名詞,固有名詞,一般,*,*,*,六十年周期の大結界異変,ロクジュウネンシュウキノダイケッカイイヘン,ロクジュウネンシュウキノダイケッカイイヘン
六十年周期の大結界異変,,,4000,名詞,固有名詞,一般,*,*,*,六十年周期の大結界異変,60ネンシュウキノダイケッカイイヘン,60ネンシュウキノダイケッカイイヘン
吸血鬼異変,,,4000,名詞,固有名詞,一般,*,*,*,吸血鬼異変,キュウケツキイヘン,キュウケツキイヘン
幻想月面戦争,,,4000,名詞,固有名詞,一般,*,*,*,幻想月面戦争,ゲンソウゲツメンセンソウ,ゲンソウゲツメンセンソウ
妖怪拡張計画,,,4000,名詞,固有名詞,一般,*,*,*,妖怪拡張計画,ヨウカイカクチョウケイカク,ヨウカイカクチョウケイカク
大結界騒動,,,4000,名詞,固有名詞,一般,*,*,*,大結界騒動,ダイケッカイソウドウ,ダイケッカイソウドウ
幽霊騒動,,,4000,名詞,固有名詞,一般,*,*,*,幽霊騒動,ユウレイソウドウ,ユウレイソウドウ
幽霊移民計画,,,4000,名詞,固有名詞,一般,*,*,*,幽霊移民計画,ユウレイイミンケイカク,ユウレイイミンケイカク
捨虫,,,4000,名詞,固有名詞,一般,*,*,*,捨虫,シャチュウ,シャチュウ
捨食,,,4000,名詞,固有名詞,一般,*,*,*,捨食,シャショク,シャショク
妖獣,,,4000,名詞,固有名詞,一般,*,*,*,妖獣,ヨウジュウ,ヨウジュウ
獣人,,,4000,名詞,固有名詞,一般,*,*,*,獣人,ジュウジン,ジュウジン
天魔,,,4000,名詞,固有名詞,一般,*,*,*,天魔,テンマ,テンマ
大天狗,,,4000,名詞,固有名詞,一般,*,*,*,大天狗,ダイテング,ダイテング
鴉天狗,,,4000,名詞,固有名詞,一般,*,*,*,鴉天狗,カラステング,カラステング
鼻高天狗,,,4000,名詞,固有名詞,一般,*,*,*,鼻高天狗,ハナダカテング,ハナダカテング
白狼天狗,,,4000,名詞,固有名詞,一般,*,*,*,白狼天狗,ハクロウテング,ハクロウテング
山伏天狗,,,4000,名詞,固有名詞,一般,*,*,*,山伏天狗,ヤマブシテング,ヤマブシテング
竜神の石像,,,4000,名詞,固有名詞,一般,*,*,*,竜神の石像,リュウジンノセキゾウ,リュウジンノセキゾウ
付喪神,,,4000,名詞,固有名詞,一般,*,*,*,付喪神,ツクモシン,ツクモシン
付喪神,,,4000,名詞,固有名詞,一般,*,*,*,付喪神,ツクモガミ,ツクモガミ
是非曲直庁,,,4000,名詞,固有名詞,一般,*,*,*,是非曲直庁,ゼヒキョクチョクチョウ,ゼヒキョクチョクチョウ
浄玻璃,,,4000,名詞,固有名詞,一般,*,*,*,浄玻璃,ジョウハリ,ジョウハリ
浄玻璃の鏡,,,4000,名詞,固有名詞,一般,*,*,*,浄玻璃の鏡,ジョウハリノカガミ,ジョウハリノカガミ
悔悟の棒,,,4000,名詞,固有名詞,一般,*,*,*,悔悟の棒,カイゴノボウ,カイゴノボウ
霧雨魔法店,,,4000,名詞,固有名詞,一般,*,*,*,霧雨魔法店,キリサメマホウテン,キリサメマホウテン
口授,,,4000,名詞,固有名詞,一般,*,*,*,口授,クジュ,クジュ
鳥獣伎楽,,,4000,名詞,固有名詞,一般,*,*,*,鳥獣伎楽,チョウジュウギガク,チョウジュウギガク
文々。,,,4000,名詞,固有名詞,一般,*,*,*,文々。,ブンブンマル,ブンブンマル
文々。新聞,,,4000,名詞,固有名詞,一般,*,*,*,文々。新聞,ブンブンマルシンブン,ブンブンマルシンブン
月都万象展,,,4000,名詞,固有名詞,一般,*,*,*,月都万象展,ゲットバンショウテン,ゲットバンショウテン
月都万象展,,,4000,名詞,固有名詞,一般,*,*,*,月都万象展,ゲツトバンショウテン,ゲツトバンショウテン
胡蝶夢丸,,,4000,名詞,固有名詞,一般,*,*,*,胡蝶夢丸,コチョウムガン,コチョウムガン
逆さ虹,,,4000,名詞,固有名詞,一般,*,*,*,逆さ虹,サカサニジ,サカサニジ
兎角同盟,,,4000,名詞,固有名詞,一般,*,*,*,兎角同盟,トカクドウメイ,トカクドウメイ
蟲の知らせ,,,4000,名詞,固有名詞,一般,*,*,*,蟲の知らせ,ムシノシラセ,ムシノシラセ
蟲の知らせサービス,,,4000,名詞,固有名詞,一般,*,*,*,蟲の知らせサービス,ムシノシラセサービス,ムシノシラセサービス
焼き八目鰻,,,4000,名詞,固有名詞,一般,*,*,*,焼き八目鰻,ヤキヤツメウナギ,ヤキヤツメウナギ
八目鰻,,,4000,名詞,固有名詞,一般,*,*,*,八目鰻,ヤツメウナギ,ヤツメウナギ
藁人形,,,4000,名詞,固有名詞,一般,*,*,*,藁人形,ワラニンギョウ,ワラニンギョウ
光の三妖精,,,4000,名詞,固有名詞,一般,*,*,*,光の三妖精,ヒカリノサンヨウセイ,ヒカリノサンヨウセイ
三妖精,,,4000,名詞,固有名詞,一般,*,*,*,三妖精,サンヨウセイ,サンヨウセイ
天照大神,,,4000,名詞,固有名詞,一般,*,*,*,天照大神,アマテラスオオミカミ,アマテラスオオミカミ
天香香背男命,,,4000,名詞,固有名詞,一般,*,*,*,天香香背男命,アマノカガセオノミコト,アマノカガセオノミコト
黄蕈,,,4000,名詞,固有名詞,一般,*,*,*,黄蕈,イクチ,イクチ
鷽替神事,,,4000,名詞,固有名詞,一般,*,*,*,鷽替神事,ウソカエシンジ,ウソカエシンジ
紙舞,,,4000,名詞,固有名詞,一般,*,*,*,紙舞,カミマイ,カミマイ
萱野姫,,,4000,名詞,固有名詞,一般,*,*,*,萱野姫,カヤノヒメ,カヤノヒメ
剄妖,,,4000,名詞,固有名詞,一般,*,*,*,剄妖,ケイヨウ,ケイヨウ
塞の神,,,4000,名詞,固有名詞,一般,*,*,*,塞の神,サエノカミ,サエノカミ
酒虫,,,4000,名詞,固有名詞,一般,*,*,*,酒虫,シュチュウ,シュチュウ
高草郡,,,4000,名詞,固有名詞,一般,*,*,*,高草郡,タカクサゴオリ,タカクサゴオリ
柱状節理,,,4000,名詞,固有名詞,一般,*,*,*,柱状節理,チュウジョウセツリ,チュウジョウセツリ
槌の子,,,4000,名詞,固有名詞,一般,*,*,*,槌の子,ツチノコ,ツチノコ
野槌,,,4000,名詞,固有名詞,一般,*,*,*,野槌,ノヅチ,ノヅチ
春告精,,,4000,名詞,固有名詞,一般,*,*,*,春告精,ハルツゲセイ,ハルツゲセイ
光苔,,,4000,名詞,固有名詞,一般,*,*,*,光苔,ヒカリゴケ,ヒカリゴケ
秘封,,,4000,名詞,固有名詞,一般,*,*,*,秘封,ヒフウ,ヒフウ
秘封倶楽部,,,4000,名詞,固有名詞,一般,*,*,*,秘封倶楽部,ヒフウクラブ,ヒフウクラブ
神隠し,,,4000,名詞,固有名詞,一般,*,*,*,神隠し,カミカクシ,カミカクシ
カレイドスクリーン,,,4000,名詞,固有名詞,一般,*,*,*,カレイドスクリーン,カレイドスクリーン,カレイドスクリーン
協定世界時,,,4000,名詞,固有名詞,一般,*,*,*,協定世界時,キョウテイセカイジ,キョウテイセカイジ
繋都,,,4000,名詞,固有名詞,一般,*,*,*,繋都,ケイト,ケイト
結界穴,,,4000,名詞,固有名詞,一般,*,*,*,結界穴,ケッカイケツ,ケッカイケツ
神亀,,,4000,名詞,固有名詞,一般,*,*,*,神亀,ジンキ,ジンキ
相対性精神学,,,4000,名詞,固有名詞,一般,*,*,*,相対性精神学,ソウタイセイセイシンガク,ソウタイセイセイシンガク
超統一物理学,,,4000,名詞,固有名詞,一般,*,*,*,超統一物理学,チョウトウイツブツリガク,チョウトウイツブツリガク
デンデラ野,,,4000,名詞,固有名詞,地域,一般,*,*,デンデラ野,デンデラノ,デンデラノ
念写,,,4000,名詞,固有名詞,一般,*,*,*,念写,ネンシャ,ネンシャ
卯東京,,,4000,名詞,固有名詞,一般,*,*,*,卯東京,ボウトウキョウ,ボウトウキョウ
卯酉,,,4000,名詞,固有名詞,一般,*,*,*,卯酉,ボウユウ,ボウユウ
酉京都,,,4000,名詞,固有名詞,一般,*,*,*,酉京都,ユウキョウト,ユウキョウト
妖鳥,,,4000,名詞,固有名詞,一般,*,*,*,妖鳥,ヨウチョウ,ヨウチョウ
霊都,,,4000,名詞,固有名詞,一般,*,*,*,霊都,レイト,レイト
蓮台野,,,4000,名詞,固有名詞,地域,一般,*,*,蓮台野,レンダイノ,レンダイノ
童祭,,,4000,名詞,固有名詞,一般,*,*,*,童祭,ワラベマツリ,ワラベマツリ
童祭,,,4000,名詞,固有名詞,一般,*,*,*,童祭,ワラワマツリ,ワラワマツリ
天津甕星,,,4000,名詞,固有名詞,一般,*,*,*,天津甕星,アマツミカホシ,アマツミカホシ
天石門別命,,,4000,名詞,固有名詞,一般,*,*,*,天石門別命,アマノイワトワケノミコト,アマノイワトワケノミコト
天宇受売命,,,4000,名詞,固有名詞,一般,*,*,*,天宇受売命,アメノウズメノミコト,アメノウズメノミコト
石凝姥命,,,4000,名詞,固有名詞,一般,*,*,*,石凝姥命,イシコリドメノミコト,イシコリドメノミコト
伊豆能売,,,4000,名詞,固有名詞,一般,*,*,*,伊豆能売,イヅノメ,イヅノメ
石長姫,,,4000,名詞,固有名詞,一般,*,*,*,石長姫,イワナガヒメ,イワナガヒメ
上筒男命,,,4000,名詞,固有名詞,一般,*,*,*,上筒男命,ウワツツノオノミコト,ウワツツノオノミコト
大国主命,,,4000,名詞,固有名詞,一般,*,*,*,大国主命,オオクニヌシノミコト,オオクニヌシノミコト
大禍津日,,,4000,名詞,固有名詞,一般,*,*,*,大禍津日,オオマガツミ,オオマガツミ
金山彦命,,,4000,名詞,固有名詞,一般,*,*,*,金山彦命,カナヤマヒコノミコト,カナヤマヒコノミコト
玉兎,,,4000,名詞,固有名詞,一般,*,*,*,玉兎,ギョクト,ギョクト
月面戦争,,,4000,名詞,固有名詞,一般,*,*,*,月面戦争,ゲツメンセンソウ,ゲツメンセンソウ
後鬼,,,4000,名詞,固有名詞,一般,*,*,*,後鬼,ゴキ,ゴキ
住吉計画,,,4000,名詞,固有名詞,一般,*,*,*,住吉計画,スミヨシケイカク,スミヨシケイカク
住吉月面侵略計画,,,4000,名詞,固有名詞,一般,*,*,*,住吉月面侵略計画,スミヨシケイカク,スミヨシケイカク
住吉月面侵略計画,,,4000,名詞,固有名詞,一般,*,*,*,住吉月面侵略計画,スミヨシゲツメンシンリャクケイカク,スミヨシゲツメンシンリャクケイカク
住吉三神,,,4000,名詞,固有名詞,一般,*,*,*,住吉三神,スミヨシサンシン,スミヨシサンシン
前鬼,,,4000,名詞,固有名詞,一般,*,*,*,前鬼,ゼンキ,ゼンキ
千社札,,,4000,名詞,固有名詞,一般,*,*,*,千社札,センジャフダ,センジャフダ
底筒男命,,,4000,名詞,固有名詞,一般,*,*,*,底筒男命,ソコツツノオノミコト,ソコツツノオノミコト
建御名方,,,4000,名詞,固有名詞,一般,*,*,*,建御名方,タケミナカタ,タケミナカタ
玉匣,,,4000,名詞,固有名詞,一般,*,*,*,玉匣,タマクシゲ,タマクシゲ
月の羽衣,,,4000,名詞,固有名詞,一般,*,*,*,月の羽衣,ツキノハゴロモ,ツキノハゴロモ
中筒男命,,,4000,名詞,固有名詞,一般,*,*,*,中筒男命,ナカツツノオノミコト,ナカツツノオノミコト
フェムト,,,4000,名詞,固有名詞,一般,*,*,*,フェムト,フェムト,フェムト
フェムトファイバー,,,4000,名詞,固有名詞,一般,*,*,*,フェムトファイバー,フェムトファイバー,フェムトファイバー
住吉月面侵略計画,,,4000,名詞,固有名詞,一般,*,*,*,住吉月面侵略計画,プロジェクトスミヨシ,プロジェクトスミヨシ
儚,,,4000,名詞,固有名詞,一般,*,*,*,儚,ボウ,ボウ
儚月,,,4000,名詞,固有名詞,一般,*,*,*,儚月,ボウゲツ,ボウゲツ
火雷神,,,4000,名詞,固有名詞,一般,*,*,*,火雷神,ホノイカヅチノカミ,ホノイカヅチノカミ
百八十柱,,,4000,名詞,固有名詞,一般,*,*,*,百八十柱,モモヤソハシラ,モモヤソハシラ
八咫鏡,,,4000,名詞,固有名詞,一般,*,*,*,八咫鏡,ヤタノカガミ,ヤタノカガミ
八ヶ岳,,,4000,名詞,固有名詞,一般,*,*,*,八ヶ岳,ヤツガタケ,ヤツガタケ
例月祭,,,4000,名詞,固有名詞,一般,*,*,*,例月祭,レイゲツサイ,レイゲツサイ
霖,,,4000,名詞,固有名詞,一般,*,*,*,霖,リン,リン
霖,,,4000,名詞,固有名詞,一般,*,*,*,霖,ナガアメ,ナガアメ
八卦炉,,,4000,名詞,固有名詞,一般,*,*,*,八卦炉,ハッケロ,ハッケロ
ミニ八卦炉,,,4000,名詞,固有名詞,一般,*,*,*,ミニ八卦炉,ミニハッケロ,ミニハッケロ
茨木童子,,,4000,名詞,固有名詞,一般,*,*,*,茨木童子,イバラキドウジ,イバラキドウジ
有角,,,4000,名詞,固有名詞,一般,*,*,*,有角,ユウカク,ユウカク
雷獣,,,4000,名詞,固有名詞,一般,*,*,*,雷獣,ライジュウ,ライジュウ
夢幻病,,,4000,名詞,固有名詞,一般,*,*,*,夢幻病,ムゲンビョウ,ムゲンビョウ
ビブロフィリア,,,4000,名詞,固有名詞,一般,*,*,*,ビブロフィリア,ビブロフィリア,ビブロフィリア
シャーマン,,,4000,名詞,固有名詞,一般,*,*,*,シャーマン,シャーマン,シャーマン
マジシャン,,,4000,名詞,固有名詞,一般,*,*,*,マジシャン,マジシャン,マジシャン
サヴァン,,,4000,名詞,固有名詞,一般,*,*,*,サヴァン,サゔァン,サゔァン
ディスガイザー,,,4000,名詞,固有名詞,一般,*,*,*,ディスガイザー,ディスガイザー,ディスガイザー
妖魔本,,,4000,名詞,固有名詞,一般,*,*,*,妖魔本,ヨウマボン,ヨウマボン
可能性空間移動船,,,4000,名詞,固有名詞,一般,*,*,*,可能性空間移動船,カノウセイクウカンイドウセン,カノウセイクウカンイドウセン
妖,,,4000,名詞,固有名詞,一般,*,*,*,妖,アヤカシ,アヤカシ
御札,,,4000,名詞,固有名詞,一般,*,*,*,御札,オフダ,オフダ
陰陽玉,,,4000,名詞,固有名詞,一般,*,*,*,陰陽玉,オンミョウギョク,オンミョウギョク
結界,,,4000,名詞,固有名詞,一般,*,*,*,結界,ケッカイ,ケッカイ
式神,,,4000,名詞,固有名詞,一般,*,*,*,式神,シキガミ,シキガミ
式神,,,4000,名詞,固有名詞,一般,*,*,*,式神,シキジン,シキジン
少女弾幕奇譚,,,4000,名詞,固有名詞,一般,*,*,*,少女弾幕奇譚,ショウジョダンマクキタン,ショウジョダンマクキタン
少女弾幕シューティング,,,4000,名詞,固有名詞,一般,*,*,*,少女弾幕シューティング,ショウジョダンマクシューティング,ショウジョダンマクシューティング
人外,,,4000,名詞,固有名詞,一般,*,*,*,人外,ジンガイ,ジンガイ
人妖,,,4000,名詞,固有名詞,一般,*,*,*,人妖,ジンヨウ,ジンヨウ
命名決闘法案,,,4000,名詞,固有名詞,一般,*,*,*,命名決闘法案,スペルカードルール,スペルカードルール
ZUN帽,,,4000,名詞,固有名詞,一般,*,*,*,ZUN帽,ズンボウ,ズンボウ
弾幕ごっこ,,,4000,名詞,固有名詞,一般,*,*,*,弾幕ごっこ,ダンマクゴッコ,ダンマクゴッコ
魔力,,,4000,名詞,固有名詞,一般,*,*,*,魔力,マリョク,マリョク
命名決闘法案,,,4000,名詞,固有名詞,一般,*,*,*,命名決闘法案,メイメイケットウホウアン,メイメイケットウホウアン
妖気,,,4000,名詞,固有名詞,一般,*,*,*,妖気,ヨウキ,ヨウキ
妖術,,,4000,名詞,固有名詞,一般,*,*,*,妖術,ヨウジュツ,ヨウジュツ
妖霧,,,4000,名詞,固有名詞,一般,*,*,*,妖霧,ヨウム,ヨウム
妖力,,,4000,名詞,固有名詞,一般,*,*,*,妖力,ヨウリョク,ヨウリョク
霊気,,,4000,名詞,固有名詞,一般,*,*,*,霊気,レイキ,レイキ
霊力,,,4000,名詞,固有名詞,一般,*,*,*,霊力,レイリョク,レイリョク
腋巫女,,,4000,名詞,固有名詞,一般,*,*,*,腋巫女,ワキミコ,ワキミコ
酒呑童子,,,4000,名詞,固有名詞,一般,*,*,*,酒呑童子,シュテンドウジ,シュテンドウジ
有頂天,,,4000,名詞,固有名詞,地域,一般,*,*,有頂天,ウチョウテン,ウチョウテン
永遠亭,,,4000,名詞,固有名詞,一般,*,*,*,永遠亭,エイエンテイ,エイエンテイ
大蝦蟇の池,,,4000,名詞,固有名詞,地域,一般,*,*,大蝦蟇の池,オオガマノイケ,オオガマノイケ
霧の湖,,,4000,名詞,固有名詞,地域,一般,*,*,霧の湖,キリノミズウミ,キリノミズウミ
玄武の沢,,,4000,名詞,固有名詞,地域,一般,*,*,玄武の沢,ゲンブノサワ,ゲンブノサワ
玄雲海,,,4000,名詞,固有名詞,地域,一般,*,*,玄雲海,ゲンウンカイ,ゲンウンカイ
幻想郷,,,4000,名詞,固有名詞,地域,一般,*,*,幻想郷,ゲンソウキョウ,ゲンソウキョウ
幻草原,,,4000,名詞,固有名詞,地域,一般,*,*,幻草原,ゲンソウゲン,ゲンソウゲン
紅魔館,,,4000,名詞,固有名詞,一般,*,*,*,紅魔館,コウマカン,コウマカン
再思の道,,,4000,名詞,固有名詞,地域,一般,*,*,再思の道,サイシノミチ,サイシノミチ
三途の河,,,4000,名詞,固有名詞,地域,一般,*,*,三途の河,サンズノカワ,サンズノカワ
太陽の畑,,,4000,名詞,固有名詞,地域,一般,*,*,太陽の畑,タイヨウノハタケ,タイヨウノハタケ
中有の道,,,4000,名詞,固有名詞,地域,一般,*,*,中有の道,チュウウノミチ,チュウウノミチ
月の都,,,4000,名詞,固有名詞,地域,一般,*,*,月の都,ツキノミヤコ,ツキノミヤコ
人間の里,,,4000,名詞,固有名詞,地域,一般,*,*,人間の里,ニンゲンノサト,ニンゲンノサト
白玉楼,,,4000,名詞,固有名詞,一般,*,*,*,白玉楼,ハクギョクロウ,ハクギョクロウ
博麗神社,,,4000,名詞,固有名詞,一般,*,*,*,博麗神社,ハクレイジンジャ,ハクレイジンジャ
博麗大結界,,,4000,名詞,固有名詞,一般,*,*,*,博麗大結界,ハクレイダイケッカイ,ハクレイダイケッカイ
彼岸,,,4000,名詞,固有名詞,地域,一般,*,*,彼岸,ヒガン,ヒガン
魔法の森,,,4000,名詞,固有名詞,地域,一般,*,*,魔法の森,マホウノモリ,マホウノモリ
迷いの竹林,,,4000,名詞,固有名詞,地域,一般,*,*,迷いの竹林,マヨイノチクリン,マヨイノチクリン
無縁塚,,,4000,名詞,固有名詞,地域,一般,*,*,無縁塚,ムエンヅカ,ムエンヅカ
夢幻遺跡,,,4000,名詞,固有名詞,一般,*,*,*,夢幻遺跡,ムゲンイセキ,ムゲンイセキ
夢幻館,,,4000,名詞,固有名詞,一般,*,*,*,夢幻館,ムゲンカン,ムゲンカン
無名の丘,,,4000,名詞,固有名詞,地域,一般,*,*,無名の丘,ムメイノオカ,ムメイノオカ
冥界,,,4000,名詞,固有名詞,地域,一般,*,*,冥界,メイカイ,メイカイ
妖怪の山,,,4000,名詞,固有名詞,地域,一般,*,*,妖怪の山,ヨウカイノヤマ,ヨウカイノヤマ
幽冥結界,,,4000,名詞,固有名詞,一般,*,*,*,幽冥結界,ユウメイケッカイ,ユウメイケッカイ
妖怪獣道,,,4000,名詞,固有名詞,地域,一般,*,*,妖怪獣道,ヨウカイケモノミチ,ヨウカイケモノミチ
旧地獄,,,4000,名詞,固有名詞,地域,一般,*,*,旧地獄,キュウジゴク,キュウジゴク
夢殿大祀廟,,,4000,名詞,固有名詞,一般,*,*,*,夢殿大祀廟,ユメドノタイシビョウ,ユメドノタイシビョウ
夢殿,,,4000,名詞,固有名詞,一般,*,*,*,夢殿,ユメドノ,ユメドノ
大祀廟,,,4000,名詞,固有名詞,一般,*,*,*,大祀廟,タイシビョウ,タイシビョウ
神霊廟,,,4000,名詞,固有名詞,一般,*,*,*,神霊廟,シンレイビョウ,シンレイビョウ
鈴奈庵,,,4000,名詞,固有名詞,一般,*,*,*,鈴奈庵,スズナアン,スズナアン
雲上の宝船,,,4000,名詞,固有名詞,一般,*,*,*,雲上の宝船,ウンジョウノタカラブネ,ウンジョウノタカラブネ
妖怪狸の森,,,4000,名詞,固有名詞,一般,*,*,*,妖怪狸の森,ヨウカイダヌキノモリ,ヨウカイダヌキノモリ
妖怪の山麓,,,4000,名詞,固有名詞,地域,一般,*,*,妖怪の山麓,ヨウカイノサンロク,ヨウカイノサンロク
妖怪の山の湖,,,4000,名詞,固有名詞,地域,一般,*,*,妖怪の山の湖,ヨウカイノヤマノミズウミ,ヨウカイノヤマノミズウミ
秘密の連絡通路,,,4000,名詞,固有名詞,地域,一般,*,*,秘密の連絡通路,ヒミツノレンラクツウロ,ヒミツノレンラクツウロ
静かの海,,,4000,名詞,固有名詞,地域,一般,*,*,静かの海,シズカノウミ,シズカノウミ
静かの海（裏）,,,4000,名詞,固有名詞,地域,一般,*,*,静かの海（裏）,シズカノウミ,シズカノウミ
夢の世界,,,4000,名詞,固有名詞,地域,一般,*,*,夢の世界,ユメノセカイ,ユメノセカイ
当たり判定,,,4000,名詞,固有名詞,一般,*,*,*,当たり判定,アタリハンテイ,アタリハンテイ
安地,,,4000,名詞,固有名詞,一般,*,*,*,安地,アンチ,アンチ
嘘避け,,,4000,名詞,固有名詞,一般,*,*,*,嘘避け,ウソヨケ,ウソヨケ
鱗弾,,,4000,名詞,固有名詞,一般,*,*,*,鱗弾,ウロコダン,ウロコダン
エクステンド,,,4000,名詞,固有名詞,一般,*,*,*,エクステンド,エクステンド,エクステンド
抱え落ち,,,4000,名詞,固有名詞,一般,*,*,*,抱え落ち,カカエオチ,カカエオチ
奇数弾,,,4000,名詞,固有名詞,一般,*,*,*,奇数弾,キスウダン,キスウダン
偶数弾,,,4000,名詞,固有名詞,一般,*,*,*,偶数弾,グウスウダン,グウスウダン
楔弾,,,4000,名詞,固有名詞,一般,*,*,*,楔弾,クサビダン,クサビダン
クナイ弾,,,4000,名詞,固有名詞,一般,*,*,*,クナイ弾,クナイダン,クナイダン
喰らいボム,,,4000,名詞,サ変接続,*,*,*,*,喰らいボム,クライボム,クライボム
Graze,,,4000,名詞,サ変接続,*,*,*,*,Graze,グレイズ,グレイズ
グレイズ,,,4000,名詞,サ変接続,*,*,*,*,グレイズ,グレイズ,グレイズ
決死結界,,,4000,名詞,固有名詞,一般,*,*,*,決死結界,ケッシケッカイ,ケッシケッカイ
高速移動,,,4000,名詞,サ変接続,*,*,*,*,高速移動,コウソクイドウ,コウソクイドウ
固定弾,,,4000,名詞,固有名詞,一般,*,*,*,固定弾,コテイダン,コテイダン
米弾,,,4000,名詞,固有名詞,一般,*,*,*,米弾,コメダン,コメダン
米粒弾,,,4000,名詞,固有名詞,一般,*,*,*,米粒弾,コメツブダン,コメツブダン
坐薬弾,,,4000,名詞,固有名詞,一般,*,*,*,坐薬弾,ザヤクダン,ザヤクダン
残機,,,4000,名詞,固有名詞,一般,*,*,*,残機,ザンキ,ザンキ
自機,,,4000,名詞,固有名詞,一般,*,*,*,自機,ジキ,ジキ
自機狙い,,,4000,名詞,固有名詞,一般,*,*,*,自機狙い,ジキネライ,ジキネライ
処理落ち,,,4000,名詞,サ変接続,*,*,*,*,処理落ち,ショリオチ,ショリオチ
スペカ,,,4000,名詞,固有名詞,一般,*,*,*,スペカ,スペカ,スペカ
スペルカード,,,4000,名詞,固有名詞,一般,*,*,*,スペルカード,スペルカード,スペルカード
全方位弾,,,4000,名詞,固有名詞,一般,*,*,*,全方位弾,ゼンホウイダン,ゼンホウイダン
耐久弾幕,,,4000,名詞,固有名詞,一般,*,*,*,耐久弾幕,タイキュウダンマク,タイキュウダンマク
体験版,,,4000,名詞,固有名詞,一般,*,*,*,体験版,タイケンバン,タイケンバン
楕円弾,,,4000,名詞,固有名詞,一般,*,*,*,楕円弾,ダエンダン,ダエンダン
弾消し,,,4000,名詞,サ変接続,*,*,*,*,弾消し,タマケシ,タマケシ
弾速,,,4000,名詞,固有名詞,一般,*,*,*,弾速,ダンソク,ダンソク
弾幕,,,4000,名詞,固有名詞,一般,*,*,*,弾幕,ダンマク,ダンマク
弾幕STG,,,4000,名詞,固有名詞,一般,*,*,*,弾幕STG,ダンマクシューティング,ダンマクシューティング
弾幕シューティング,,,4000,名詞,固有名詞,一般,*,*,*,弾幕シューティング,ダンマクシューティング,ダンマクシューティング
チキンボム,,,4000,名詞,サ変接続,*,*,*,*,チキンボム,チキンボム,チキンボム
中玉,,,4000,名詞,固有名詞,一般,*,*,*,中玉,チュウダマ,チュウダマ
中弾,,,4000,名詞,固有名詞,一般,*,*,*,中弾,チュウダン,チュウダン
中ボス,,,4000,名詞,固有名詞,一般,*,*,*,中ボス,チュウボス,チュウボス
蝶弾,,,4000,名詞,固有名詞,一般,*,*,*,蝶弾,チョウダン,チョウダン
チョン避け,,,4000,名詞,サ変接続,*,*,*,*,チョン避け,チョンヨケ,チョンヨケ
低速移動,,,4000,名詞,サ変接続,*,*,*,*,低速移動,テイソクイドウ,テイソクイドウ
点弾,,,4000,名詞,固有名詞,一般,*,*,*,点弾,テンダン,テンダン
ナイフ弾,,,4000,名詞,固有名詞,一般,*,*,*,ナイフ弾,ナイフダン,ナイフダン
ばら撒き弾,,,4000,名詞,固有名詞,一般,*,*,*,ばら撒き弾,バラマキダン,バラマキダン
びびりボム,,,4000,名詞,固有名詞,一般,*,*,*,びびりボム,ビビリボム,ビビリボム
へにょりレーザー,,,4000,名詞,固有名詞,一般,*,*,*,へにょりレーザー,ヘニョリレーザー,ヘニョリレーザー
星型弾,,,4000,名詞,固有名詞,一般,*,*,*,星型弾,ホシガタダン,ホシガタダン
星弾,,,4000,名詞,固有名詞,一般,*,*,*,星弾,ホシダン,ホシダン
ランダム弾,,,4000,名詞,固有名詞,一般,*,*,*,ランダム弾,ランダムダン,ランダムダン
リング弾,,,4000,名詞,固有名詞,一般,*,*,*,リング弾,リングダン,リングダン
博麗神社例大祭,,,4000,名詞,固有名詞,一般,*,*,*,博麗神社例大祭,ハクレイジンジャレイタイサイ,ハクレイジンジャレイタイサイ
例大祭,,,4000,名詞,固有名詞,一般,*,*,*,例大祭,レイタイサイ,レイタイサイ
東方紅楼夢,,,4000,名詞,固有名詞,一般,*,*,*,東方紅楼夢,トウホウコウロウム,トウホウコウロウム
紅楼夢,,,4000,名詞,固有名詞,一般,*,*,*,紅楼夢,コウロウム,コウロウム
第⑨州東方祭,,,4000,名詞,固有名詞,一般,*,*,*,第⑨州東方祭,ダイキュウシュウトウホウサイ,ダイキュウシュウトウホウサイ
第⑨州,,,4000,名詞,固有名詞,一般,*,*,*,第⑨州,ダイキュウシュウ,ダイキュウシュウ
東方名華祭,,,4000,名詞,固有名詞,一般,*,*,*,東方名華祭,トウホウメイカサイ,トウホウメイカサイ
名華祭,,,4000,名詞,固有名詞,一般,*,*,*,名華祭,メイカサイ,メイカサイ
東方絢文禄,,,4000,名詞,固有名詞,一般,*,*,*,東方絢文禄,トウホウケンブンロク,トウホウケンブンロク
絢文禄,,,4000,名詞,固有名詞,一般,*,*,*,絢文禄,ケンブンロク,ケンブンロク
東方神居祭,,,4000,名詞,固有名詞,一般,*,*,*,東方神居祭,トウホウカムイサイ,トウホウカムイサイ
神居祭,,,4000,名詞,固有名詞,一般,*,*,*,神居祭,カムイサイ,カムイサイ
東方椰麟祭,,,4000,名詞,固有名詞,一般,*,*,*,東方椰麟祭,トウホウヤリンサイ,トウホウヤリンサイ
椰麟祭,,,4000,名詞,固有名詞,一般,*,*,*,椰麟祭,ヤリンサイ,ヤリンサイ
アンダーグラウンドカーニバル,,,4000,名詞,固有名詞,一般,*,*,*,アンダーグラウンドカーニバル,アンダーグラウンドカーニバル,アンダーグラウンドカーニバル
アンダーグラウンドカーニバル,,,4000,名詞,固有名詞,一般,*,*,*,アンダーグラウンドカーニバル,チレイサイ,チレイサイ
地霊祭,,,4000,名詞,固有名詞,一般,*,*,*,地霊祭,チレイサイ,チレイサイ
幻想郷サミット,,,4000,名詞,固有名詞,一般,*,*,*,幻想郷サミット,ゲンソウキョウサミット,ゲンソウキョウサミット
幻想郷サミット,,,4000,名詞,固有名詞,一般,*,*,*,幻想郷サミット,ゲンサミ,ゲンサミ
幻サミ,,,4000,名詞,固有名詞,一般,*,*,*,幻サミ,ゲンサミ,ゲンサミ
古明地こんぷれっくす,,,4000,名詞,固有名詞,一般,*,*,*,古明地こんぷれっくす,コメイジコンプレックス,コメイジコンプレックス
古明地こんぷれっくす,,,4000,名詞,固有名詞,一般,*,*,*,古明地こんぷれっくす,コメコン,コメコン
東方蛍光祭,,,4000,名詞,固有名詞,一般,*,*,*,東方蛍光祭,トウホウケイコウサイ,トウホウケイコウサイ
蛍光祭,,,4000,名詞,固有名詞,一般,*,*,*,蛍光祭,ケイコウサイ,ケイコウサイ
東方想七日,,,4000,名詞,固有名詞,一般,*,*,*,東方想七日,トウホウソウナノカ,トウホウソウナノカ
想七日,,,4000,名詞,固有名詞,一般,*,*,*,想七日,ソウナノカ,ソウナノカ
東方多宴祭,,,4000,名詞,固有名詞,一般,*,*,*,東方多宴祭,トウホウタエンサイ,トウホウタエンサイ
多宴祭,,,4000,名詞,固有名詞,一般,*,*,*,多宴祭,タエンサイ,タエンサイ
東方遊宴雀,,,4000,名詞,固有名詞,一般,*,*,*,東方遊宴雀,トウホウユウエンジャク,トウホウユウエンジャク
遊宴雀,,,4000,名詞,固有名詞,一般,*,*,*,遊宴雀,ユウエンジャク,ユウエンジャク
東方幻想紅魔祭,,,4000,名詞,固有名詞,一般,*,*,*,東方幻想紅魔祭,トウホウゲンソウコウマサイ,トウホウゲンソウコウマサイ
紅魔祭,,,4000,名詞,固有名詞,一般,*,*,*,紅魔祭,コウマサイ,コウマサイ
地底の読心裁判,,,4000,名詞,固有名詞,一般,*,*,*,地底の読心裁判,チテイノドクシンサイバン,チテイノドクシンサイバン
文々。新聞友の会,,,4000,名詞,固有名詞,一般,*,*,*,文々。新聞友の会,ブンブンマルシンブントモノカイ,ブンブンマルシンブントモノカイ
諏訪風神祭,,,4000,名詞,固有名詞,一般,*,*,*,諏訪風神祭,スワフウジンサイ,スワフウジンサイ
エンジニアワルツ,,,4000,名詞,固有名詞,一般,*,*,*,エンジニアワルツ,エンジニアワルツ,エンジニアワルツ
八雲幻想祭,,,4000,名詞,固有名詞,一般,*,*,*,八雲幻想祭,ヤクモゲンソウサイ,ヤクモゲンソウサイ
科学世紀のカフェテラス,,,4000,名詞,固有名詞,一般,*,*,*,科学世紀のカフェテラス,カガクセイキノカフェテラス,カガクセイキノカフェテラス
幻想郷フォーラム,,,4000,名詞,固有名詞,一般,*,*,*,幻想郷フォーラム,ゲンソウキョウフォーラム,ゲンソウキョウフォーラム
